Treatment,Plot,Range,Row,Name,Species,Fresh Weight (g),Dry Weight (g),Time,Plant height(cm),Plant height(cm)  â€“ rep 2,Weight (kg/plot),Yield (t/ha)
HTPC,1001,1,1,1705T_106,Barley,63.24,11.38,August,26,25,3.15,2.56
HTPC,5010,5,10,1705T_106,Barley,47.92,9.44,August,21,25,3,2.44
HTPC,1001,1,1,1705T_106,Barley,176.85,38.4,September,48,43,3.15,2.56
HTPC,5010,5,10,1705T_106,Barley,206.73,43,September,45,46,3,2.44
HTPC,1001,1,1,1705T_106,Barley,253.1,127.8,October,55,60,3.15,2.56
HTPC,5010,5,10,1705T_106,Barley,340.1,171.7,October,60,60,3,2.44
HTPC,1009,1,9,1705T_177,Barley,68.86,12.96,August,29,28,3.3,2.68
HTPC,2007,2,7,1705T_177,Barley,80.01,16.55,August,31,30,3.05,2.48
HTPC,3002,3,2,1705T_177,Barley,43.41,9.11,August,25,24,2.5,2.03
HTPC,4012,4,12,1705T_177,Barley,63,14.33,August,24,27,3.3,2.68
HTPC,1009,1,9,1705T_177,Barley,221.51,49.7,September,48,47,3.3,2.68
HTPC,2007,2,7,1705T_177,Barley,186.06,44.5,September,47,43,3.05,2.48
HTPC,3002,3,2,1705T_177,Barley,148.53,31.7,September,41,45,2.5,2.03
HTPC,4012,4,12,1705T_177,Barley,172.6,38.5,September,45,44,3.3,2.68
HTPC,1009,1,9,1705T_177,Barley,261.9,135,October,60,60,3.3,2.68
HTPC,2007,2,7,1705T_177,Barley,168.6,135.4,October,60,65,3.05,2.48
HTPC,3002,3,2,1705T_177,Barley,147.6,121.9,October,60,65,2.5,2.03
HTPC,4012,4,12,1705T_177,Barley,167.8,94.7,October,60,60,3.3,2.68
HTPC,5001,5,1,1705T_66,Barley,58.33,10.37,August,25,27,3,2.44
HTPC,6009,6,9,1705T_66,Barley,28.5,5.6,August,21,22,2.35,1.91
HTPC,5001,5,1,1705T_66,Barley,251.12,49.3,September,46,45,3,2.44
HTPC,6009,6,9,1705T_66,Barley,108.25,46.4,September,30,42,2.35,1.91
HTPC,5001,5,1,1705T_66,Barley,206.3,97.8,October,65,65,3,2.44
HTPC,6009,6,9,1705T_66,Barley,174.8,86,October,55,60,2.35,1.91
HTPC,5012,5,12,Banks _102,Barley,20.08,5.17,August,15,18,2.8,2.27
HTPC,6002,6,2,Banks _102,Barley,93.41,20.87,August,16,19,3.1,2.52
HTPC,6007,6,7,Banks _102,Barley,56.22,12.53,August,21,24,2.2,1.79
HTPC,5012,5,12,Banks _102,Barley,187.8,40.9,September,39,36,2.8,2.27
HTPC,6002,6,2,Banks _102,Barley,147.79,34.5,September,34,32,3.1,2.52
HTPC,6007,6,7,Banks _102,Barley,102.16,24.5,September,37,42,2.2,1.79
HTPC,5012,5,12,Banks _102,Barley,325.8,140.1,October,65,65,2.8,2.27
HTPC,6002,6,2,Banks _102,Barley,240,105.9,October,65,60,3.1,2.52
HTPC,6007,6,7,Banks _102,Barley,285.5,122.2,October,60,60,2.2,1.79
HTPC,1003,1,3,Banks _171,Barley,60.3,13.47,August,24,20,3.4,2.76
HTPC,2002,2,2,Banks _171,Barley,128.65,25.86,August,16,20,3.5,2.84
HTPC,2011,2,11,Banks _171,Barley,93.45,19.83,August,21,25,3.8,3.08
HTPC,1003,1,3,Banks _171,Barley,140.94,30.5,September,38,43,3.4,2.76
HTPC,2002,2,2,Banks _171,Barley,144.63,31,September,34,43,3.5,2.84
HTPC,2011,2,11,Banks _171,Barley,112.17,24.2,September,35,42,3.8,3.08
HTPC,1003,1,3,Banks _171,Barley,321,148.4,October,65,65,3.4,2.76
HTPC,2002,2,2,Banks _171,Barley,254.4,117.5,October,65,65,3.5,2.84
HTPC,2011,2,11,Banks _171,Barley,262.2,131.5,October,70,65,3.8,3.08
HTPC,1010,1,10,Banks _64,Barley,71.88,15.95,August,18,16,3.55,2.88
HTPC,4003,4,3,Banks _64,Barley,18.51,4.44,August,21,24,2.75,2.23
HTPC,1010,1,10,Banks _64,Barley,106.48,23,September,39,40,3.55,2.88
HTPC,4003,4,3,Banks _64,Barley,154.8,33.7,September,25,30,2.75,2.23
HTPC,1010,1,10,Banks _64,Barley,218.4,100.1,October,70,65,3.55,2.88
HTPC,4003,4,3,Banks _64,Barley,204.2,83.8,October,60,65,2.75,2.23
HTPM,1001,1,1,Bass_97,Barley,49.31,11.88,August,18,17,2.7,2.19
HTPM,1002,1,2,Bass_97,Barley,84.46,16.63,August,18,18,2.8,2.27
HTPM,1001,1,1,Bass_97,Barley,184.51,39.5,September,45,34,2.7,2.19
HTPM,1002,1,2,Bass_97,Barley,168.06,27.7,September,36,38,2.8,2.27
HTPM,1001,1,1,Bass_97,Barley,199,101.9,October,70,68,2.7,2.19
HTPM,1002,1,2,Bass_97,Barley,270.4,129.4,October,63,67,2.8,2.27
HTPC,4002,4,2,Buff_111,Barley,17.56,3.8,August,27,31,2.95,2.39
HTPC,5009,5,9,Buff_111,Barley,57.89,11.69,August,31,30,3.3,2.68
HTPC,4002,4,2,Buff_111,Barley,208.4,40.3,September,58,50,2.95,2.39
HTPC,5009,5,9,Buff_111,Barley,217.62,45.8,September,52,53,3.3,2.68
HTPC,4002,4,2,Buff_111,Barley,165,70,October,70,65,2.95,2.39
HTPC,5009,5,9,Buff_111,Barley,329.6,168.3,October,70,70,3.3,2.68
HTPC,1012,1,12,Buff_186,Barley,144.56,29.51,August,35,33,3.9,3.17
HTPC,3008,3,8,Buff_186,Barley,111.21,22.04,August,40,34,3.4,2.76
HTPC,4009,4,9,Buff_186,Barley,79.91,15.28,August,32,30,3.2,2.6
HTPC,5007,5,7,Buff_186,Barley,60.6,12.18,August,26,27,3,2.44
HTPC,1012,1,12,Buff_186,Barley,255.81,47.9,September,49,54,3.9,3.17
HTPC,3008,3,8,Buff_186,Barley,207.63,43.5,September,45,47,3.4,2.76
HTPC,4009,4,9,Buff_186,Barley,192.9,41.1,September,56,42,3.2,2.6
HTPC,5007,5,7,Buff_186,Barley,184.64,41.4,September,48,46,3,2.44
HTPC,1012,1,12,Buff_186,Barley,222.7,125.9,October,75,75,3.9,3.17
HTPC,3008,3,8,Buff_186,Barley,237.5,127.8,October,65,75,3.4,2.76
HTPC,4009,4,9,Buff_186,Barley,479.9,216.6,October,65,60,3.2,2.6
HTPC,5007,5,7,Buff_186,Barley,250.8,140.5,October,60,70,3,2.44
HTPC,3003,3,3,Buff_70,Barley,52.8,10.9,August,32,30,2.65,2.15
HTPC,5002,5,2,Buff_70,Barley,45.72,9.19,August,30,27,2.7,2.19
HTPC,6010,6,10,Buff_70,Barley,35.49,7.53,August,28,26,2.8,2.27
HTPC,6011,6,11,Buff_70,Barley,36.48,7.39,August,25,28,2.5,2.03
HTPC,3003,3,3,Buff_70,Barley,112.33,25.6,September,45,46,2.65,2.15
HTPC,5002,5,2,Buff_70,Barley,327.5,66,September,56,53,2.7,2.19
HTPC,6010,6,10,Buff_70,Barley,249.29,53.4,September,49,54,2.8,2.27
HTPC,6011,6,11,Buff_70,Barley,158.78,35,September,48,42,2.5,2.03
HTPC,3003,3,3,Buff_70,Barley,207.9,105.4,October,65,70,2.65,2.15
HTPC,5002,5,2,Buff_70,Barley,177.2,93.8,October,70,65,2.7,2.19
HTPC,6010,6,10,Buff_70,Barley,215.8,99.7,October,70,70,2.8,2.27
HTPC,6011,6,11,Buff_70,Barley,193.1,97.5,October,75,65,2.5,2.03
HTPM,1004,1,4,Commander_96,Barley,48.88,11.82,August,18,21,4.15,3.37
HTPM,4005,4,5,Commander_96,Barley,90.81,11.34,August,21,19,2.95,2.39
HTPM,1004,1,4,Commander_96,Barley,210.78,43,September,37,35,4.15,3.37
HTPM,4005,4,5,Commander_96,Barley,133.17,31.8,September,34,34,2.95,2.39
HTPM,1004,1,4,Commander_96,Barley,247.2,119.5,October,82,75,4.15,3.37
HTPM,4005,4,5,Commander_96,Barley,288.6,121.3,October,75,82,2.95,2.39
HTPM,4002,4,2,Compass_101,Barley,37.03,8.41,August,19,20,3.45,2.8
HTPM,6004,6,4,Compass_101,Barley,32.71,7.26,August,20,18,3.05,2.48
HTPM,4002,4,2,Compass_101,Barley,109.73,24.5,September,43,45,3.45,2.8
HTPM,6004,6,4,Compass_101,Barley,135.5,27,September,43,40,3.05,2.48
HTPM,4002,4,2,Compass_101,Barley,177.3,75.7,October,73,71,3.45,2.8
HTPM,6004,6,4,Compass_101,Barley,189.3,83.8,October,70,70,3.05,2.48
HTPM,3007,3,7,Cutlass_86,Wheat,35.54,7.07,August,30,26,3.15,2.56
HTPM,4012,4,12,Cutlass_86,Wheat,31.1,7,August,25,29,2.8,2.27
HTPM,3007,3,7,Cutlass_86,Wheat,138.6,29.2,September,47,40,3.15,2.56
HTPM,4012,4,12,Cutlass_86,Wheat,76.72,15.7,September,44,33,2.8,2.27
HTPM,3007,3,7,Cutlass_86,Wheat,238.9,107.6,October,81,81,3.15,2.56
HTPM,4012,4,12,Cutlass_86,Wheat,280.4,118.9,October,73,75,2.8,2.27
HTPC,3012,3,12,Devil_135,Wheat,48.6,9.84,August,27,28,3.75,3.04
HTPC,5003,5,3,Devil_135,Wheat,33.88,7.34,August,29,32,2.65,2.15
HTPC,6001,6,1,Devil_135,Wheat,40.06,9.13,August,18,24,2.8,2.27
HTPC,3012,3,12,Devil_135,Wheat,123.52,27.3,September,39,46,3.75,3.04
HTPC,5003,5,3,Devil_135,Wheat,161.23,36.4,September,46,41,2.65,2.15
HTPC,6001,6,1,Devil_135,Wheat,155.86,35.2,September,43,47,2.8,2.27
HTPC,3012,3,12,Devil_135,Wheat,348.8,150.4,October,70,75,3.75,3.04
HTPC,5003,5,3,Devil_135,Wheat,177.1,89.6,October,75,80,2.65,2.15
HTPC,6001,6,1,Devil_135,Wheat,226.8,105.4,October,70,75,2.8,2.27
HTPC,1011,1,11,Devil_224,Wheat,54.36,10.78,August,26,28,3,2.44
HTPC,2008,2,8,Devil_224,Wheat,65.13,13.3,August,26,23,2.85,2.31
HTPC,3010,3,10,Devil_224,Wheat,67.38,14.02,August,26,31,3.25,2.64
HTPC,1011,1,11,Devil_224,Wheat,176.29,34.7,September,52,49,3,2.44
HTPC,2008,2,8,Devil_224,Wheat,194.26,41.3,September,45,46,2.85,2.31
HTPC,3010,3,10,Devil_224,Wheat,103.85,22.3,September,46,47,3.25,2.64
HTPC,1011,1,11,Devil_224,Wheat,297.6,155.2,October,70,70,3,2.44
HTPC,2008,2,8,Devil_224,Wheat,212.8,102,October,75,70,2.85,2.31
HTPC,3010,3,10,Devil_224,Wheat,260.3,124.6,October,75,80,3.25,2.64
HTPC,1008,1,8,Devil_84,Wheat,41.14,8.66,August,28,26,3.25,2.64
HTPC,2009,2,9,Devil_84,Wheat,20.87,4.3,August,26,27,3,2.44
HTPC,2012,2,12,Devil_84,Wheat,35.73,7.94,August,27,29,3.4,2.76
HTPC,3001,3,1,Devil_84,Wheat,27.65,5.79,August,24,26,2.65,2.15
HTPC,1008,1,8,Devil_84,Wheat,200.69,41.6,September,46,43,3.25,2.64
HTPC,2009,2,9,Devil_84,Wheat,140.74,29.9,September,51,46,3,2.44
HTPC,2012,2,12,Devil_84,Wheat,68.73,14,September,36,45,3.4,2.76
HTPC,3001,3,1,Devil_84,Wheat,82.86,18.8,September,37,52,2.65,2.15
HTPC,1008,1,8,Devil_84,Wheat,356.9,160.2,October,70,75,3.25,2.64
HTPC,2009,2,9,Devil_84,Wheat,235.8,106,October,70,75,3,2.44
HTPC,2012,2,12,Devil_84,Wheat,276.7,134.8,October,75,70,3.4,2.76
HTPC,3001,3,1,Devil_84,Wheat,191.8,96,October,70,75,2.65,2.15
HTPM,3009,3,9,Emu Rock_100,Wheat,73.44,14.22,August,31,30,2.5,2.03
HTPM,4008,4,8,Emu Rock_100,Wheat,38.38,7.44,August,26,27,2.65,2.15
HTPM,3009,3,9,Emu Rock_100,Wheat,109.19,21.8,September,49,46,2.5,2.03
HTPM,4008,4,8,Emu Rock_100,Wheat,175.37,34.5,September,54,53,2.65,2.15
HTPM,3009,3,9,Emu Rock_100,Wheat,260.2,118.9,October,67,70,2.5,2.03
HTPM,4008,4,8,Emu Rock_100,Wheat,196.8,86.1,October,73,66,2.65,2.15
HTPM,2005,2,5,Fathom_105,Barley,40.24,8.03,August,26,23,3.1,2.52
HTPM,5003,5,3,Fathom_105,Barley,55.82,11.94,August,24,22,2.9,2.35
HTPM,2005,2,5,Fathom_105,Barley,137.03,27.1,September,44,39,3.1,2.52
HTPM,5003,5,3,Fathom_105,Barley,188.36,38.1,September,45,49,2.9,2.35
HTPM,2005,2,5,Fathom_105,Barley,295.5,145.4,October,78,76,3.1,2.52
HTPM,5003,5,3,Fathom_105,Barley,326,141.7,October,78,81,2.9,2.35
HTPM,2003,2,3,Flinders_87,Barley,68.77,17.53,August,15,16,2.7,2.19
HTPM,3005,3,5,Flinders_87,Barley,37.82,9.18,August,17,17,2.85,2.31
HTPM,2003,2,3,Flinders_87,Barley,78,16.7,September,26,35,2.7,2.19
HTPM,3005,3,5,Flinders_87,Barley,114.91,24.9,September,34,30,2.85,2.31
HTPM,2003,2,3,Flinders_87,Barley,203.9,80.8,October,67,65,2.7,2.19
HTPM,3005,3,5,Flinders_87,Barley,233.3,100.6,October,66,64,2.85,2.31
HTPM,1003,1,3,IGB1653_95,Barley,59.76,13.37,August,17,15,3.05,2.48
HTPM,5006,5,6,IGB1653_95,Barley,61.13,12.92,August,16,18,3.15,2.56
HTPM,1003,1,3,IGB1653_95,Barley,124.33,25.9,September,27,29,3.05,2.48
HTPM,5006,5,6,IGB1653_95,Barley,152.71,32.9,September,34,30,3.15,2.56
HTPM,1003,1,3,IGB1653_95,Barley,220.2,102.1,October,70,66,3.05,2.48
HTPM,5006,5,6,IGB1653_95,Barley,250.2,95.8,October,63,67,3.15,2.56
HTPM,5004,5,4,IGB1825_92,Barley,53.93,10.69,August,29,30,3.3,2.68
HTPM,6003,6,3,IGB1825_92,Barley,53.04,10.54,August,23,26,2.75,2.23
HTPM,5004,5,4,IGB1825_92,Barley,172.2,34.1,September,55,56,3.3,2.68
HTPM,6003,6,3,IGB1825_92,Barley,145.22,30.6,September,45,43,2.75,2.23
HTPM,5004,5,4,IGB1825_92,Barley,240.7,104.5,October,70,58,3.3,2.68
HTPM,6003,6,3,IGB1825_92,Barley,228.8,112.4,October,63,63,2.75,2.23
HTPM,2001,2,1,IGB1844_92,Barley,60.37,11.65,August,20,23,2.65,2.15
HTPM,6006,6,6,IGB1844_92,Barley,63.01,12.48,August,19,17,3,2.44
HTPM,2001,2,1,IGB1844_92,Barley,78.47,15.5,September,39,40,2.65,2.15
HTPM,6006,6,6,IGB1844_92,Barley,137.61,25.7,September,40,38,3,2.44
HTPM,2001,2,1,IGB1844_92,Barley,219.7,103.8,October,65,60,2.65,2.15
HTPM,6006,6,6,IGB1844_92,Barley,199.3,90.8,October,60,58,3,2.44
HTPM,2004,2,4,IGB1871_102,Barley,54.82,11.59,August,28,27,3.35,2.72
HTPM,4004,4,4,IGB1871_102,Barley,41.45,9.37,August,27,32,3.9,3.17
HTPM,2004,2,4,IGB1871_102,Barley,202.53,42.5,September,51,44,3.35,2.72
HTPM,4004,4,4,IGB1871_102,Barley,115.22,26,September,51,42,3.9,3.17
HTPM,2004,2,4,IGB1871_102,Barley,258.2,129.2,October,77,75,3.35,2.72
HTPM,4004,4,4,IGB1871_102,Barley,370.2,169.1,October,74,68,3.9,3.17
HTPM,3001,3,1,IGB1890_96,Barley,72.36,14.21,August,21,21,2.8,2.27
HTPM,6001,6,1,IGB1890_96,Barley,33.84,7.41,August,17,19,2.05,1.66
HTPM,3001,3,1,IGB1890_96,Barley,131.4,25.7,September,38,45,2.8,2.27
HTPM,6001,6,1,IGB1890_96,Barley,130,28.2,September,25,24,2.05,1.66
HTPM,3001,3,1,IGB1890_96,Barley,304.3,136.4,October,70,55,2.8,2.27
HTPM,6001,6,1,IGB1890_96,Barley,219.4,95.8,October,56,55,2.05,1.66
HTPM,1007,1,7,IGW4341_103,Wheat,42.01,8.86,August,22,26,3.75,3.04
HTPM,3010,3,10,IGW4341_103,Wheat,45.66,9.42,August,25,27,2.9,2.35
HTPM,1007,1,7,IGW4341_103,Wheat,180.98,38.6,September,39,45,3.75,3.04
HTPM,3010,3,10,IGW4341_103,Wheat,141.53,31.4,September,42,38,2.9,2.35
HTPM,1007,1,7,IGW4341_103,Wheat,305.6,133.7,October,68,66,3.75,3.04
HTPM,3010,3,10,IGW4341_103,Wheat,242,97.4,October,60,65,2.9,2.35
HTPM,1012,1,12,IGW6482_99,Wheat,67.09,12.59,August,28,28,3.75,3.04
HTPM,5009,5,9,IGW6482_99,Wheat,66.1,13.14,August,28,31,2.8,2.27
HTPM,1012,1,12,IGW6482_99,Wheat,246.6,50.8,September,50,43,3.75,3.04
HTPM,5009,5,9,IGW6482_99,Wheat,144.76,31.4,September,52,43,2.8,2.27
HTPM,1012,1,12,IGW6482_99,Wheat,360,161,October,74,66,3.75,3.04
HTPM,5009,5,9,IGW6482_99,Wheat,332.6,144.3,October,67,62,2.8,2.27
HTPM,5010,5,10,IGW6488_107,Wheat,28.58,6.14,August,23,22,2.55,2.07
HTPM,6009,6,9,IGW6488_107,Wheat,52.06,10.6,August,27,29,2.85,2.31
HTPM,5010,5,10,IGW6488_107,Wheat,107.46,22,September,45,39,2.55,2.07
HTPM,6009,6,9,IGW6488_107,Wheat,69.5,15.6,September,38,42,2.85,2.31
HTPM,5010,5,10,IGW6488_107,Wheat,258.7,98.7,October,54,57,2.55,2.07
HTPM,6009,6,9,IGW6488_107,Wheat,425.9,178.8,October,55,65,2.85,2.31
HTPM,2007,2,7,IGW6497_91,Wheat,72.08,14.58,August,30,29,2.9,2.35
HTPM,4009,4,9,IGW6497_91,Wheat,45.94,10.1,August,29,27,2.4,1.95
HTPM,2007,2,7,IGW6497_91,Wheat,123.01,26.2,September,36,40,2.9,2.35
HTPM,4009,4,9,IGW6497_91,Wheat,66.31,15.6,September,28,29,2.4,1.95
HTPM,2007,2,7,IGW6497_91,Wheat,235.2,110.3,October,75,80,2.9,2.35
HTPM,4009,4,9,IGW6497_91,Wheat,295.1,126.4,October,75,76,2.4,1.95
HTPM,2009,2,9,IGW6522_99,Wheat,68.98,14.7,August,28,32,3.1,2.52
HTPM,2010,2,10,IGW6522_99,Wheat,38.51,7.44,August,28,24,2.8,2.27
HTPM,2009,2,9,IGW6522_99,Wheat,147.7,30.3,September,47,44,3.1,2.52
HTPM,2010,2,10,IGW6522_99,Wheat,116.9,24.4,September,50,47,2.8,2.27
HTPM,2009,2,9,IGW6522_99,Wheat,247.3,113.9,October,71,71,3.1,2.52
HTPM,2010,2,10,IGW6522_99,Wheat,372.4,169.7,October,76,75,2.8,2.27
HTPM,5007,5,7,IGW6527_109,Wheat,33.42,6.81,August,30,28,3.1,2.52
HTPM,6007,6,7,IGW6527_109,Wheat,36.94,7.58,August,27,28,2.95,2.39
HTPM,5007,5,7,IGW6527_109,Wheat,149.97,32.3,September,40,37,3.1,2.52
HTPM,6007,6,7,IGW6527_109,Wheat,131.46,27.1,September,51,47,2.95,2.39
HTPM,5007,5,7,IGW6527_109,Wheat,188.3,87.2,October,75,70,3.1,2.52
HTPM,6007,6,7,IGW6527_109,Wheat,256.4,110.8,October,72,70,2.95,2.39
HTPM,4010,4,10,IGW6539_108,Wheat,36.41,7.42,August,31,26,2.75,2.23
HTPM,5008,5,8,IGW6539_108,Wheat,30.27,7.21,August,30,34,2.75,2.23
HTPM,4010,4,10,IGW6539_108,Wheat,100.89,20.7,September,43,49,2.75,2.23
HTPM,5008,5,8,IGW6539_108,Wheat,171.09,37,September,52,52,2.75,2.23
HTPM,4010,4,10,IGW6539_108,Wheat,355.9,155.9,October,68,67,2.75,2.23
HTPM,5008,5,8,IGW6539_108,Wheat,370.01,158.7,October,72,72,2.75,2.23
HTPM,5011,5,11,IGW6567_90,Wheat,38.28,7.77,August,22,23,3.05,2.48
HTPM,6011,6,11,IGW6567_90,Wheat,38.12,7.87,August,29,27,2.9,2.35
HTPM,5011,5,11,IGW6567_90,Wheat,129.69,27.8,September,46,47,3.05,2.48
HTPM,6011,6,11,IGW6567_90,Wheat,105.1,21.9,September,44,49,2.9,2.35
HTPM,5011,5,11,IGW6567_90,Wheat,338.9,149.4,October,72,75,3.05,2.48
HTPM,6011,6,11,IGW6567_90,Wheat,373.4,163.3,October,67,70,2.9,2.35
HTPM,3008,3,8,IGW6576_106,Wheat,47.7,9.99,August,25,26,2.2,1.79
HTPM,3011,3,11,IGW6576_106,Wheat,42.92,8.78,August,29,28,2.55,2.07
HTPM,3008,3,8,IGW6576_106,Wheat,92.55,20.9,September,51,44,2.2,1.79
HTPM,3011,3,11,IGW6576_106,Wheat,137.99,28.8,September,39,37,2.55,2.07
HTPM,3008,3,8,IGW6576_106,Wheat,297.6,120.2,October,80,81,2.2,1.79
HTPM,3011,3,11,IGW6576_106,Wheat,302.4,131,October,76,85,2.55,2.07
HTPM,1011,1,11,IGW6580_98,Wheat,34.13,7.04,August,27,31,3.7,3
HTPM,6012,6,12,IGW6580_98,Wheat,56.03,11.2,August,29,32,2.95,2.39
HTPM,1011,1,11,IGW6580_98,Wheat,265.48,52,September,49,51,3.7,3
HTPM,6012,6,12,IGW6580_98,Wheat,121.55,25.4,September,45,49,2.95,2.39
HTPM,1011,1,11,IGW6580_98,Wheat,453.2,200.7,October,74,70,3.7,3
HTPM,6012,6,12,IGW6580_98,Wheat,388.6,169.5,October,62,66,2.95,2.39
HTPM,1009,1,9,IGW6583_105,Wheat,58.82,11.68,August,29,29,3.2,2.6
HTPM,6008,6,8,IGW6583_105,Wheat,64.46,12.6,August,22,26,2.75,2.23
HTPM,1009,1,9,IGW6583_105,Wheat,243.03,47.2,September,45,42,3.2,2.6
HTPM,6008,6,8,IGW6583_105,Wheat,97.9,18.2,September,48,48,2.75,2.23
HTPM,1009,1,9,IGW6583_105,Wheat,308.7,132,October,65,67,3.2,2.6
HTPM,6008,6,8,IGW6583_105,Wheat,321.3,139.6,October,65,67,2.75,2.23
HTPM,2008,2,8,IGW6593_118,Wheat,67.58,13.36,August,28,25,2.9,2.35
HTPM,6010,6,10,IGW6593_118,Wheat,40.1,7.8,August,30,29,2.5,2.03
HTPM,2008,2,8,IGW6593_118,Wheat,108,22,September,47,44,2.9,2.35
HTPM,6010,6,10,IGW6593_118,Wheat,119.13,24.6,September,49,58,2.5,2.03
HTPM,2008,2,8,IGW6593_118,Wheat,319.9,146.7,October,73,76,2.9,2.35
HTPM,6010,6,10,IGW6593_118,Wheat,225.8,82.6,October,74,72,2.5,2.03
HTPM,1008,1,8,IGW6637_100,Wheat,45.58,10.94,August,35,32,2.95,2.39
HTPM,5012,5,12,IGW6637_100,Wheat,44.75,9.78,August,29,34,2.9,2.35
HTPM,1008,1,8,IGW6637_100,Wheat,207.29,43.4,September,57,52,2.95,2.39
HTPM,5012,5,12,IGW6637_100,Wheat,114.1,25.6,September,44,47,2.9,2.35
HTPM,1008,1,8,IGW6637_100,Wheat,335.6,158.1,October,77,75,2.95,2.39
HTPM,5012,5,12,IGW6637_100,Wheat,295.2,140.3,October,71,71,2.9,2.35
HTPM,2012,2,12,IGW6648_103,Wheat,50.08,9.32,August,28,34,3.25,2.64
HTPM,4007,4,7,IGW6648_103,Wheat,60.82,12.14,August,28,29,2.85,2.31
HTPM,2012,2,12,IGW6648_103,Wheat,115.5,24.5,September,56,54,3.25,2.64
HTPM,4007,4,7,IGW6648_103,Wheat,115.1,22.5,September,52,50,2.85,2.31
HTPM,2012,2,12,IGW6648_103,Wheat,400.4,183.7,October,67,72,3.25,2.64
HTPM,4007,4,7,IGW6648_103,Wheat,207.1,95.2,October,67,71,2.85,2.31
HTPM,1006,1,6,La Trobe_80,Barley,86.42,16.69,August,25,28,4,3.25
HTPM,5002,5,2,La Trobe_80,Barley,31.71,6.93,August,27,25,2.9,2.35
HTPM,1006,1,6,La Trobe_80,Barley,255,50,September,39,42,4,3.25
HTPM,5002,5,2,La Trobe_80,Barley,203.64,44.2,September,46,44,2.9,2.35
HTPM,1006,1,6,La Trobe_80,Barley,325.9,157.1,October,64,66,4,3.25
HTPM,5002,5,2,La Trobe_80,Barley,254.3,122.4,October,65,58,2.9,2.35
HTPM,3002,3,2,Litmus_91,Barley,70.92,14.73,August,26,25,3.7,3
HTPM,4003,4,3,Litmus_91,Barley,84.47,22.65,August,25,28,3.5,2.84
HTPM,3002,3,2,Litmus_91,Barley,206.89,42.1,September,51,54,3.7,3
HTPM,4003,4,3,Litmus_91,Barley,218.9,46.9,September,55,49,3.5,2.84
HTPM,3002,3,2,Litmus_91,Barley,440.5,216.8,October,67,72,3.7,3
HTPM,4003,4,3,Litmus_91,Barley,234.2,113.9,October,75,77,3.5,2.84
HTPM,2011,2,11,Magenta_101,Wheat,43.86,9.28,August,19,23,2.65,2.15
HTPM,3012,3,12,Magenta_101,Wheat,46.26,9.23,August,31,30,,
HTPM,2011,2,11,Magenta_101,Wheat,79.15,16.4,September,48,47,2.65,2.15
HTPM,3012,3,12,Magenta_101,Wheat,91.61,18.6,September,44,36,,
HTPM,2011,2,11,Magenta_101,Wheat,323.9,144.5,October,75,73,2.65,2.15
HTPM,3012,3,12,Magenta_101,Wheat,217.2,111.3,October,71,78,,
HTPM,2006,2,6,Oxford_82,Barley,49.52,10.74,August,16,16,3.25,2.64
HTPM,3003,3,3,Oxford_82,Barley,78.63,16.02,August,16,15,2.85,2.31
HTPM,2006,2,6,Oxford_82,Barley,151.6,31.5,September,30,26,3.25,2.64
HTPM,3003,3,3,Oxford_82,Barley,116.4,24.8,September,27,26,2.85,2.31
HTPM,2006,2,6,Oxford_82,Barley,225.4,87.4,October,67,61,3.25,2.64
HTPM,3003,3,3,Oxford_82,Barley,220.7,98.2,October,66,66,2.85,2.31
HTPM,1005,1,5,RGT Planet_100,Barley,36.69,8.14,August,16,17,3.9,3.17
HTPM,3004,3,4,RGT Planet_100,Barley,70.08,14.46,August,16,18,3.6,2.92
HTPM,1005,1,5,RGT Planet_100,Barley,258.51,54.6,September,36,43,3.9,3.17
HTPM,3004,3,4,RGT Planet_100,Barley,68.07,34.3,September,28,38,3.6,2.92
HTPM,1005,1,5,RGT Planet_100,Barley,277.8,138.7,October,81,86,3.9,3.17
HTPM,3004,3,4,RGT Planet_100,Barley,271.4,121.9,October,84,81,3.6,2.92
HTPM,3006,3,6,Rosalind_88,Barley,73.5,13.98,August,27,27,3.5,2.84
HTPM,6002,6,2,Rosalind_88,Barley,59.79,12.63,August,20,23,2.25,1.83
HTPM,3006,3,6,Rosalind_88,Barley,150.38,32.4,September,41,46,3.5,2.84
HTPM,6002,6,2,Rosalind_88,Barley,98.12,19.2,September,34,44,2.25,1.83
HTPM,3006,3,6,Rosalind_88,Barley,255.5,122.9,October,62,57,3.5,2.84
HTPM,6002,6,2,Rosalind_88,Barley,162.3,88.1,October,54,57,2.25,1.83
HTPC,1002,1,2,Sceptre_130,Wheat,56.11,11.57,August,33,31,2.8,2.27
HTPC,1007,1,7,Sceptre_130,Wheat,59.35,12.04,August,27,31,3.4,2.76
HTPC,3009,3,9,Sceptre_130,Wheat,46.43,9.67,August,27,22,2.65,2.15
HTPC,1002,1,2,Sceptre_130,Wheat,129.46,27.7,September,51,53,2.8,2.27
HTPC,1007,1,7,Sceptre_130,Wheat,192.55,43.2,September,51,52,3.4,2.76
HTPC,3009,3,9,Sceptre_130,Wheat,95.02,21.2,September,53,50,2.65,2.15
HTPC,1002,1,2,Sceptre_130,Wheat,270.6,125.1,October,75,75,2.8,2.27
HTPC,1007,1,7,Sceptre_130,Wheat,390.2,184.4,October,80,75,3.4,2.76
HTPC,3009,3,9,Sceptre_130,Wheat,253.9,117.8,October,70,75,2.65,2.15
HTPC,4001,4,1,Sceptre_217,Wheat,40.61,9.13,August,24,28,2.15,1.75
HTPC,5008,5,8,Sceptre_217,Wheat,41.07,9,August,29,25,2.5,2.03
HTPC,6003,6,3,Sceptre_217,Wheat,47.37,9.8,August,31,28,2.9,2.35
HTPC,6012,6,12,Sceptre_217,Wheat,44.25,10.05,August,27,24,2.8,2.27
HTPC,4001,4,1,Sceptre_217,Wheat,105.69,23.5,September,39,43,2.15,1.75
HTPC,5008,5,8,Sceptre_217,Wheat,184.48,44.1,September,39,48,2.5,2.03
HTPC,6003,6,3,Sceptre_217,Wheat,132.09,29.6,September,56,49,2.9,2.35
HTPC,6012,6,12,Sceptre_217,Wheat,133.28,30.4,September,49,55,2.8,2.27
HTPC,4001,4,1,Sceptre_217,Wheat,141.5,65.4,October,70,70,2.15,1.75
HTPC,5008,5,8,Sceptre_217,Wheat,244.4,125.5,October,70,75,2.5,2.03
HTPC,6003,6,3,Sceptre_217,Wheat,181.3,93.6,October,75,75,2.9,2.35
HTPC,6012,6,12,Sceptre_217,Wheat,212.3,105,October,70,70,2.8,2.27
HTPC,3007,3,7,Sceptre_82,Wheat,31.97,6.57,August,30,38,2.5,2.03
HTPC,5011,5,11,Sceptre_82,Wheat,31.22,7.07,August,25,22,2.7,2.19
HTPC,3007,3,7,Sceptre_82,Wheat,83.9,17.8,September,46,41,2.5,2.03
HTPC,5011,5,11,Sceptre_82,Wheat,181.31,38.1,September,48,47,2.7,2.19
HTPC,3007,3,7,Sceptre_82,Wheat,173.6,86.6,October,75,75,2.5,2.03
HTPC,5011,5,11,Sceptre_82,Wheat,232.8,113.4,October,75,75,2.7,2.19
HTPM,4001,4,1,Scope CL_99,Barley,46.39,10.15,August,28,28,2.85,2.31
HTPM,4006,4,6,Scope CL_99,Barley,78.5,17.07,August,29,24,3.7,3
HTPM,4001,4,1,Scope CL_99,Barley,169.1,36.3,September,51,44,2.85,2.31
HTPM,4006,4,6,Scope CL_99,Barley,208.55,42.5,September,48,40,3.7,3
HTPM,4001,4,1,Scope CL_99,Barley,336.8,150.7,October,76,76,2.85,2.31
HTPM,4006,4,6,Scope CL_99,Barley,239.5,103.8,October,82,83,3.7,3
HTPM,2002,2,2,Spartacus CL_88,Barley,53.04,10.45,August,27,27,2.65,2.15
HTPM,5001,5,1,Spartacus CL_88,Barley,34.28,6.99,August,24,23,2.75,2.23
HTPM,2002,2,2,Spartacus CL_88,Barley,119.42,24.2,September,44,41,2.65,2.15
HTPM,5001,5,1,Spartacus CL_88,Barley,216.4,46.1,September,39,36,2.75,2.23
HTPM,2002,2,2,Spartacus CL_88,Barley,179.2,89.2,October,63,56,2.65,2.15
HTPM,5001,5,1,Spartacus CL_88,Barley,177.6,89.5,October,60,57,2.75,2.23
HTPM,1010,1,10,Vixen_96,Wheat,57.87,10.88,August,26,30,3.35,2.72
HTPM,4011,4,11,Vixen_96,Wheat,35.6,7.33,August,32,29,3.1,2.52
HTPM,1010,1,10,Vixen_96,Wheat,179.48,35.2,September,56,57,3.35,2.72
HTPM,4011,4,11,Vixen_96,Wheat,113.9,24.2,September,51,51,3.1,2.52
HTPM,1010,1,10,Vixen_96,Wheat,254.3,126.9,October,68,66,3.35,2.72
HTPM,4011,4,11,Vixen_96,Wheat,393.8,176.9,October,67,70,3.1,2.52
HTPM,5005,5,5,Westminster_94,Barley,45.81,4.95,August,17,20,2.2,1.79
HTPM,6005,6,5,Westminster_94,Barley,50.73,11.69,August,16,16,2.1,1.7
HTPM,5005,5,5,Westminster_94,Barley,120.16,27.1,September,30,39,2.2,1.79
HTPM,6005,6,5,Westminster_94,Barley,75.71,16.7,September,35,36,2.1,1.7
HTPM,5005,5,5,Westminster_94,Barley,234.1,98.2,October,82,80,2.2,1.79
HTPM,6005,6,5,Westminster_94,Barley,207.8,92.6,October,77,77,2.1,1.7
HTPC,3011,3,11,Wyalkatchem_128,Wheat,67.7,12.55,August,27,26,2.5,2.03
HTPC,4007,4,7,Wyalkatchem_128,Wheat,35.99,7.55,August,25,26,2.15,1.75
HTPC,4010,4,10,Wyalkatchem_128,Wheat,26.28,6.1,August,27,24,2.45,1.99
HTPC,3011,3,11,Wyalkatchem_128,Wheat,114.62,26.1,September,43,44,2.5,2.03
HTPC,4007,4,7,Wyalkatchem_128,Wheat,125.95,28.2,September,38,39,2.15,1.75
HTPC,4010,4,10,Wyalkatchem_128,Wheat,106.6,25.4,September,47,42,2.45,1.99
HTPC,3011,3,11,Wyalkatchem_128,Wheat,325.3,149.1,October,65,65,2.5,2.03
HTPC,4007,4,7,Wyalkatchem_128,Wheat,175.8,76.5,October,60,55,2.15,1.75
HTPC,4010,4,10,Wyalkatchem_128,Wheat,349.2,155.2,October,65,60,2.45,1.99
HTPC,2003,2,3,Wyalkatchem_213,Wheat,42.22,8.92,August,29,28,2.25,1.83
HTPC,2010,2,10,Wyalkatchem_213,Wheat,48.39,10.63,August,28,26,2.8,2.27
HTPC,4008,4,8,Wyalkatchem_213,Wheat,34.55,8.04,August,27,22,2.35,1.91
HTPC,2003,2,3,Wyalkatchem_213,Wheat,134.69,29.5,September,44,46,2.25,1.83
HTPC,2010,2,10,Wyalkatchem_213,Wheat,145.94,31.2,September,48,50,2.8,2.27
HTPC,4008,4,8,Wyalkatchem_213,Wheat,110.4,25.8,September,37,34,2.35,1.91
HTPC,2003,2,3,Wyalkatchem_213,Wheat,205.8,101.7,October,65,65,2.25,1.83
HTPC,2010,2,10,Wyalkatchem_213,Wheat,205.3,91.1,October,70,65,2.8,2.27
HTPC,4008,4,8,Wyalkatchem_213,Wheat,219,98.4,October,60,60,2.35,1.91
HTPC,2001,2,1,Wyalkatchem_80,Wheat,44.82,9.25,August,27,25,2.4,1.95
HTPC,4011,4,11,Wyalkatchem_80,Wheat,23.28,5.33,August,23,24,2.25,1.83
HTPC,6008,6,8,Wyalkatchem_80,Wheat,25.73,6.64,August,25,22,2.1,1.7
HTPC,2001,2,1,Wyalkatchem_80,Wheat,109.67,22.6,September,50,39,2.4,1.95
HTPC,4011,4,11,Wyalkatchem_80,Wheat,104,23.1,September,39,43,2.25,1.83
HTPC,6008,6,8,Wyalkatchem_80,Wheat,83.07,18.7,September,41,39,2.1,1.7
HTPC,2001,2,1,Wyalkatchem_80,Wheat,242,105.8,October,65,60,2.4,1.95
HTPC,4011,4,11,Wyalkatchem_80,Wheat,198.3,91.1,October,60,65,2.25,1.83
HTPC,6008,6,8,Wyalkatchem_80,Wheat,182.4,73.7,October,60,60,2.1,1.7
